Lapras ex,ラプラスex
Laprasex,ラプラスex
Butterfree,バタフリー
Meowth,ニャース
Chansey,ラッキー
Pikachu,ピカチュウ
Investigación de Profesores,博士の研究
Tarjeta Roja,レッドカード
Poké Ball,モンスターボール
Pokédex ex,ポケモン図鑑
Pokédexex,ポケモン図鑑
Periscopio,ハンドスコープ
Velocidad X,スピーダー
Poción,きずぐすり
Mewtwo ex,ミュウツーex
Mewtwoex,ミュウツーex
Pikachu ex,ピカチュウex
Pikachuex,ピカチュウex
Charizard ex,リザードンex
Charizardex,リザードンex
Mew,ミュウ
Wigglytuff ex,プクリンex
Wigglytuffex,プクリンex
Machamp ex,カイリキーex
Machampex,カイリキーex
Gengar ex,ゲンガーex
Gengarex,ゲンガーex
Zapdos ex,サンダーex
Zapdosex,サンダーex
Articuno ex,フリーザーex
Articunoex,フリーザーex
Moltres ex,ファイヤーex
Moltresex,ファイヤーex
Teniente Surge,マチス
Sabrina,ナツメ
Brock,タケシ
Giovanni,サカキ
Koga,キョウ
Blaine,カツラ
Misty,カスミ
Erika,エリカ
Marowak ex,ガラガラex
Marowakex,ガラガラex
Starmie ex,スターミーex
Starmieex,スターミーex
Blastoise ex,カメックスex
Blastoiseex,カメックスex
Arcanine ex,ウインディex
Arcanineex,ウインディex
Exeggutor ex,ナッシーex
Exeggutorex,ナッシーex
Venusaur ex,フシギバナex
Venusaurex,フシギバナex
Snorlax,カビゴン
Porygon,ポリゴン
Eevee,イーブイ
Ditto,メタモン
Pidgeot,ピジョット
Dragonite,カイリュー
Weezing,マタドガス
Golbat,ゴルバット
Nidoking,ニドキング
Nidoqueen,ニドクイン
Cubone,カラカラ
Diglett,ディグダ
Slowpoke,ヤドン
Alakazam,フーディン
Electrode,マルマイン
Lapras,ラプラス
Gyarados,ギャラドス
Squirtle,ゼニガメ
Rapidash,ギャロップ
Charmander,ヒトカゲ
Pinsir,カイロス
Gloom,クサイハナ
Bulbasaur,フシギダネ
Ámbar viejo,ひみつのコハク
Fósil Domo,こうらの化石
Fósil Hélix,かいの化石
Dubwool,バイウールー
Wooloo,ウールー
Cinccino,チラチーノ
Minccino,チラーミィ
Aerodactyl,プテラ
Tauros,ケンタロス
Kangaskhan,ガルーラ
Lickitung,ベロリンガ
Dodrio,ドードリオ
Doduo,ドードー
Farfetch’d,カモネギ
Persian,ペルシアン
Wigglytuff,プクリン
Jigglypuff,プリン
Fearow,オニドリル
Spearow,オニスズメ
Raticate,ラッタ
Rattata,コラッタ
Pidgeotto,ピジョン
Pidgey,ポッポ
Dragonair,ハクリュー
Dratini,ミニリュウ
Melmetal,メルメタル
Meltan,メルタン
Bisharp,キリキザン
Pawniard,コマタナ
Mawile,クチート
Koffing,ドガース
Muk,ベトベトン
Grimer,ベトベター
Zubat,ズバット
Nidorino,ニドリーノ
Nidoran♂,ニドラン♂
Nidorina,ニドリーナ
Nidoran♀,ニドラン♀
Arbok,アーボック
Ekans,アーボ
Grapploct,オトスパス
Clobbopus,タタッコ
Mienshao,コジョンド
Mienfoo,コジョフー
Kabutops,カブトプス
Kabuto,カブト
Rhydon,サイドン
Rhyhorn,サイホーン
Hitmonchan,エビワラー
Hitmonlee,サワムラー
Marowak,ガラガラ
Onix,イワーク
Golem,ゴローニャ
Graveler,ゴローン
Geodude,イシツブテ
Machamp,カイリキー
Machoke,ゴーリキー
Machop,ワンリキー
Primeape,オコリザル
Mankey,マンキー
Dugtrio,ダグトリオ
Sandslash,サンドパン
Sandshrew,サンド
Golurk,ゴルーグ
Golett,ゴビット
Swoobat,ココロモリ
Woobat,コロモリ
Gardevoir,サーナイト
Kirlia,キルリア
Ralts,ラルトス
Mewtwo,ミュウツー
Jynx,ルージュラ
Mr. Mime,バリヤード
Hypno,スリーパー
Drowzee,スリープ
Gengar,ゲンガー
Haunter,ゴースト
Gastly,ゴース
Slowbro,ヤドラン
Kadabra,ユンゲラー
Abra,ケーシィ
Clefable,ピクシー
Clefairy,ピッピ
Pincurchin,バチンウニ
Heliolisk,エレザード
Helioptile,エリキテル
Eelektross,シビルドン
Eelektrik,シビビール
Tynamo,シビシラス
Zebstrika,ゼブライカ
Blitzle,シママ
Zapdos,サンダー
Jolteon,サンダース
Electabuzz,エレブー
Voltorb,ビリリダマ
Magneton,レアコイル
Magnemite,コイル
Raichu,ライチュウ
Frosmoth,モスノウ
Snom,ユキハミ
Bruxish,ハギギシリ
Pyukumuku,ナマコブシ
Greninja,ゲッコウガ
Frogadier,ゲコガシラ
Froakie,ケロマツ
Swanna,スワンナ
Ducklett,コアルヒー
Articuno,フリーザー
Omastar,オムスター
Omanyte,オムナイト
Vaporeon,シャワーズ
Magikarp,コイキング
Starmie,スターミー
Staryu,ヒトデマン
Seaking,アズマオウ
Goldeen,トサキント
Seadra,シードラ
Horsea,タッツー
Kingler,キングラー
Krabby,クラブ
Cloyster,パルシェン
Shellder,シェルダー
Dewgong,ジュゴン
Seel,パウワウ
Tentacruel,ドククラゲ
Tentacool,メノクラゲ
Poliwrath,ニョロボン
Poliwhirl,ニョロゾ
Poliwag,ニョロモ
Golduck,ゴルダック
Psyduck,コダック
Blastoise,カメックス
Wartortle,カメール
Centiskorch,マルヤクデ
Sizzlipede,ヤクデ
Salazzle,エンニュート
Salandit,ヤトウモリ
Heatmor,クイタラン
Moltres,ファイヤー
Flareon,ブースター
Magmar,ブーバー
Ponyta,ポニータ
Arcanine,ウインディ
Growlithe,ガーディ
Ninetales,キュウコン
Vulpix,ロコン
Charizard,リザードン
Charmeleon,リザード
Gogoat,ゴーゴート
Skiddo,メェークル
Lilligant,ドレディア
Petilil,チュリネ
Whimsicott,エルフーン
Cottonee,モンメン
Scyther,ストライク
Tangela,モンジャラ
Exeggutor,ナッシー
Exeggcute,タマタマ
Victreebel,ウツボット
Weepinbell,ウツドン
Bellsprout,マダツボミ
Venomoth,モルフォン
Venonat,コンパン
Parasect,パラセクト
Paras,パラス
Vileplume,ラフレシア
Oddish,ナゾノクサ
Beedrill,スピアー
Kakuna,コクーン
Weedle,ビードル
Metapod,トランセル
Caterpie,キャタピー
Venusaur,フシギバナ
Ivysaur,フシギソウ
Kangaskhan,コイル
Mew ex,ミュウex
Mewex,ミュウex
Celebi ex,セレビィex
Celebiex,セレビィex
Aerodactyl ex,プテラex
Aerodactylex,プテラex
Hoja,リーフ
Azul,グリーン
Explorador Novel,かけだし調査員
Pidgeot ex,ピジョットex
Pidgeotex,ピジョットex
Gyarados ex,ギャラドスex
Gyaradosex,ギャラドスex
Marshadow,マーシャドー
Dedenne,デデンネ
Serperior,ジャローダ
Losa Singular,幻の石板
Pokéflauta,ポケモンの笛
Chatot,ペラップ
Druddigon,クリムガン
Scolipede,ペンドラー
Whirlipede,ホイーガ
Venipede,フシデ
Liepard,レパルダス
Purrloin,チョロネコ
Stonjourner,イシヘンジン
Slurpuff,ペロリーム
Swirlix,ペロッパフ
Florges,フラージェス
Floette,フラエッテ
Flabebe,フラベベ
Beheeyem,オーベム
Elgyem,リグレー
Sigilyph,シンボラー
Galvantula,デンチュラ
Joltik,バチュル
Cramorant,ウッウ
Drednaw,カジリガメ
Chewtle,カムカメ
Lumineon,ネオラント
Finneon,ケイコウオ
Volcarona,ウルガモス
Larvesta,メラルバ
Dhelmise,ダダリン
Shiinotic,マシェード
Morelull,ネマシュ
Servine,ジャノビー
Snivy,ツタージャ
Dialga ex,ディアルガex
Dialgaex,ディアルガex
Palkia ex,パルキアex
Palkiaex,パルキアex
Lickilicky ex,ベロベルトex
Lickilickyex,ベロベルトex
Darkrai ex,ダークライex
Darkraiex,ダークライex
Weavile ex,マニューラex
Weavileex,マニューラex
Gallade ex,エルレイドex
Galladeex,エルレイドex
Mismagius ex,ムウマージex
Mismagiusex,ムウマージex
Pachirisu ex,パチリスex
Pachirisuex,パチリスex
Infernape ex,ゴウカザルex
Infernapeex,ゴウカザルex
Yanmega ex,メガヤンマex
Yanmegaex,メガヤンマex
Venus,マーズ
Maya,ヒカリ
Lectro,デンジ
Cintia,シロナ
Recluta del Equipo Galaxia,ギンガ団のしたっぱ
Helio,アカギ
Regigigas,レジギガス
Glameow,ニャルマー
Bidoof,ビッパ
Staraptor,ムクホーク
Garchomp,ガブリアス
Heatran,ヒードラン
Croagunk,グレッグル
Spiritomb,ミカルゲ
Hippopotas,ヒポポタス
Lucario,ルカリオ
Rhyperior,ドサイドン
Cresselia,クレセリア
Giratina,ギラティナ
Mesprit,エムリット
Drifloon,フワンテ
Rotom,ロトム
Shinx,コリンク
Manaphy,マナフィ
Gastrodon,トリトドン
Mamoswine,マンムー
Shaymin,シェイミ
Carnivine,マスキッパ
Combee,ミツハニー
Tangrowth,モジャンボ
Baya Ziuela,ラムのみ
Casco Dentado,ゴツゴツメット
Capa Gigante,大きなマント
Comunicación Pokémon,ポケモン通信
Fósil Coraza,たての化石
Fósil Cráneo,ずがいの化石
Rotom Ventilador,スピンロトム
Purugly,ブニャット
Lopunny,ミミロップ
Buneary,ミミロル
Bibarel,ビーダル
Staravia,ムクバード
Starly,ムックル
Ambipom,エテボース
Aipom,エイパム
Porygon-Z,ポリゴンZ
Porygon2,ポリゴン2
Gabite,ガバイト
Gible,フカマル
Probopass,ダイノーズ
Bronzong,ドータクン
Bronzor,ドーミラー
Wormadam,ミノマダム（ゴミのミノ）
Bastiodon,トリデプス
Shieldon,タテトプス
Registeel,レジスチル
Skarmory,エアームド
Darkrai,ダークライ
Toxicroak,ドクロッグ
Drapion,ドラピオン
Skorupi,スコルピ
Skuntank,スカタンク
Stunky,スカンプー
Mightyena,グラエナ
Poochyena,ポチエナ
Sneasel,ニューラ
Honchkrow,ドンカラス
Murkrow,ヤミカラス
Hippowdon,カバルドン
Riolu,リオル
Wormadam,ミノマダム（すなちのミノ）
Rampardos,ラムパルド
Cranidos,ズガイドス
Regirock,レジロック
Nosepass,ノズパス
Hitmontop,カポエラー
Gliscor,グライオン
Gligar,グライガー
Azelf,アグノム
Uxie,ユクシー
Drifblim,フワライド
Dusknoir,ヨノワール
Dusclops,サマヨール
Duskull,ヨマワル
Misdreavus,ムウマ
Togekiss,トゲキッス
Togetic,トゲチック
Togepi,トゲピー
Luxray,レントラー
Luxio,ルクシオ
Electivire,エレキブル
Magnezone,ジバコイル
Rotom Frío,フロストロトム
Rotom Lavado,ウォッシュロトム
Glaceon,グレイシア
Abomasnow,ユキノオー
Snover,ユキカブリ
Shellos,カラナクシ
Floatzel,フローゼル
Buizel,ブイゼル
Empoleon,エンペルト
Prinplup,ポッタイシ
Piplup,ポッチャマ
Regice,レジアイス
Piloswine,イノムー
Swinub,ウリムー
Rotom Calor,ヒートロトム
Monferno,モウカザル
Chimchar,ヒコザル
Magcargo,マグカルゴ
Slugma,マグマッグ
Magmortar,ブーバーン
Rotom Corte,カットロトム
Leafeon,リーフィア
Vespiquen,ビークイン
Wormadam,ミノマダム
Burmy,ミノムッチ
Kricketune,コロトック
Kricketot,コロボーシ
Torterra,ドダイトス
Grotle,ハヤシガメ
Turtwig,ナエトル
Roserade,ロズレイド
Roselia,ロゼリア
Yanma,ヤンヤンマ
Bellossom,キレイハナ
Cresselia ex,クレセリアex
Cresseliaex,クレセリアex
Arceus ex,アルセウスex
Arceusex,アルセウスex
Probopass ex,ダイノーズex
Probopassex,ダイノーズex
Garchomp ex,ガブリアスex
Garchompex,ガブリアスex
Glaceon ex,グレイシアex
Glaceonex,グレイシアex
Leafeon ex,リーフィアex
Leafeonex,リーフィアex
Adamas,セキ
Israel,ジュン
Anciana de Pueblo Caelestis,カンナギタウンの長老
Nákara,カイ
Sudowoodo,ウソッキー
Unown,アンノーン
Marill,マリル
Houndoom,ヘルガー
Arceus,アルセウス
Noctowl,ヨルノズク
Hoothoot,ホーホー
Dialga Origen,オリジンディアルガ
Crobat,クロバット
Medicham,チャーレム
Meditite,アサナン
Tyranitar,バンギラス
Pupitar,サナギラス
Larvitar,ヨーギラス
Donphan,ドンファン
Phanpy,ゴマゾウ
Manectric,ライボルト
Electrike,ラクライ
Phione,フィオネ
Palkia Origen,オリジンパルキア
Froslass,ユキメノコ
Snorunt,ユキワラシ
Whiscash,ナマズン
Barboach,ドジョッチ
Azumarill,マリルリ
Houndour,デルビル
Cherrim,チェリム（ポジ）
Cherrim,チェリム（ネガ）
Cherubi,チェリンボ
Mothim,ガーメイル
Heracross,ヘラクロス
Tinkatink,ニャオハ
Pachirisu,パチリス
Pawmot,パーモット
Cyclizar,モトトカゲ
Lucario ex,ルカリオex
Lucarioex,ルカリオex
Wugtrio ex,ウミトリオex
Wugtrioex,ウミトリオex
Beedrill ex,スピアーex
Beedrillex,スピアーex
Revavroom,ブロロローム
Varoom,ブロロン
Dondozo,ヘイラッシャ
Wiglett,ウミディグダ
Giratina ex,ギラティナex
Giratinaex,ギラティナex
Bibarel ex,ビーダルex
Bibarelex,ビーダルex
Tinkaton ex,デカヌチャンex
Tinkatonex,デカヌチャンex
Clodsire de Paldea ex,パルデアドオーex
Clodsire de Paldeaex,パルデアドオーex
Recluta del Team Rocket,ロケット団のしたっぱ
Rojo,レッド
Chica del Centro Pokémon,ポケモンセンターのお姉さん
e-Nigma,ナンジャモ
Gholdengo,サーフゴー
Grafaiai,タギングル
Tatsugiri,シャリタツ
Meowscarada,マスカーニャ
Lickilicky,ベロベルト
Tinkatuff,ナカヌチャン
Tinkatink,カヌチャン
Shroodle,シルシュルー
Wooper de Paldea,パルデアウパー
Flamigo,カラミンゴ
Gimmighoul,コレクレー
Pawmo,パモット
Pawmi,パモ
Tauros de Paldea,パルデアケンタロス
Floragato,ニャローテ
Sprigatito,ニャオハ
Toucannon,ドデカバシ
Grimer de Alola,アローラベトベター
Crabrawler,マケンカニ
Exeggutor de Alola,アローラナッシー
Mimikyu,ミミッキュ
Rayquaza ex,レックウザex
Rayquazaex,レックウザex
Rayquaza,レックウザ
Solgaleo ex,ソルガレオex
Solgaleoex,ソルガレオex
Lunala ex,ルナアーラex
Lunalaex,ルナアーラex
Lylía,リーリエ
Guzmán,グズマ
Muk de Alola ex,アローラベトベトンex
Muk de Alolaex,アローラベトベトンex
Passimian ex,ナゲツケサルex
Passimianex,ナゲツケサルex
Wishiwashi ex,ヨワシex
Wishiwashiex,ヨワシex
Crabominable ex,ケケンカニex
Crabominableex,ケケンカニex
Incineroar ex,ガオガエンex
Incineroarex,ガオガエンex
Dhelmise ex,ダダリンex
Dhelmiseex,ダダリンex
Decidueye ex,ジュナイパーex
Decidueyeex,ジュナイパーex
Lulú,マオ
Chris,マーマネ
Capitana Nereida,スイレン
Kiawe,カキ
Liam,イリマ
Zarala,アセロラ
Komala,ネッコアラ
Bewear,キテルグマ
Pikipek,ツツケラ
Drampa,ジジーロン
Magearna,マギアナ
Minior,メテノ
Mudsdale,バンバドロ
Rockruff,イワンコ
Cosmog,コスモッグ
Tapu Lele,カプ・テテフ
Sandygast,スナバァ
Comfey,キュワワー
Cutiefly,アブリー
Tapu Koko,カプ・コケコ
Oricorio,オドリドリ（ぱちぱち）
Tapu Fini,カプ・レヒレ
Turtonator,バクガメス
Marowak de Alola,アローラガラガラ
Tapu Bulu,カプ・ブルル
Tsareena,アマージョ
Capa Hoja,リーフマント
Flecha Venemosa,どくバリ
RotomDex ex,ロトム図鑑
RotomDexex,ロトム図鑑
Caramelo Raro,ふしぎなアメ
Red de Pesca,おさかなネット
Malasada Maxi,おおきいマラサダ
Oranguru,ヤレユータン
Stufful,ヌイコグマ
Gumshoos,デカグース
Yungoos,ヤングース
Trumbeak,ケララッパ
Hawlucha,ルチャブル
Fletchling,ヤヤコマ
Delcatty,エネコロロ
Skitty,エネコ
Kommo-o,ジャラランガ
Hakamo-o,ジャランゴ
Jangmo-o,ジャラコ
Klefki,クレッフィ
Escavalier,シュバルゴ
Excadrill,ドリュウズ
Dugtrio de Alola,アローラダグトリオ
Diglett de Alola,アローラディグダ
Toxapex ex,ドヒドイデ
Toxapexex,ドヒドイデ
Mareanie,ヒドイデ
Garbodor,ダストダス
Trubbish,ヤブクロン
Absol,アブソル
Persian de Alola,アローラペルシアン
Meowth de Alola,アローラニャース
Raticate de Alola,アローララッタ
Rattata de Alola,アローラコラッタ
Mudbray,ドロバンコ
Lycanroc,ルガルガン
Conkeldurr,ローブシン
Gurdurr,ドテッコツ
Timburr,ドッコラー
Drilbur,モグリュー
Solrock,ソルロック
Hariyama,ハリテヤマ
Makuhita,マクノシタ
Necrozma,ネクロズマ
Cosmoem,コスモウム
Palossand,シロデスナ
Ribombee,アブリボン
Oricorio,オドリドリ（まいまい）
Oricorio,オドリドリ（ふらふら）
Banette,ジュペッタ
Shuppet,カゲボウズ
Lunatone,ルナトーン
Grumpig,ブーピッグ
Spoink,バネブー
Sableye,ヤミラミ
Togedemaru,トゲデマル
Vikavolt,クワガノン
Charjabug,デンヂムシ
Araquanid,オニシズクモ
Dewpider,シズクモ
Wishiwashi,ヨワシ
Primarina,アシレーヌ
Brionne,オシャマリ
Popplio,アシマリ
Sandslash de Alola,アローラサンドパン
Sandshrew de Alola,アローラサンド
Oricorio,オドリドリ（めらめら）
Torracat,ニャヒート
Litten,ニャビー
Talonflame,ファイアロー
Fletchinder,ヒノヤコマ
Golisopod,グソクムシャ
Wimpod,コソクムシ
Steenee,アママイコ
Bounsweet,アマカジ
Lurantis,ラランテス
Fomantis,カリキリ
Grubbin,アゴジムシ
Dartrix,フクスロー
Rowlet,モクロー
Trevenant,オーロット
Phantump,ボクレー
Karrablast,カブルモ
Maractus,マラカッチ
Masquerain,アメモース
Surskit,アメタマ
Poipole,ベベノム
Bulbasaur ex,ウルトラネクロズマex
Bulbasaurex,ウルトラネクロズマex
Stakataka,ツンデツンデ
Necrozma Melena Crepuscular,ネクロズマ（たそがれのたてがみ）
Necrozma Alas del Alba,ネクロズマ（あかつきのつばさ）
Xurkitree,デンジュモク
Blacephalon,ズガドーン
Kartana,カミツルギ
Zeraora,ゼラオラ
Nihilego,ウツロイド
Buzzwole ex,マッシブーンex
Buzzwoleex,マッシブーンex
Dugtrio de Alola ex,アローラダグトリオex
Dugtrio de Alolaex,アローラダグトリオex
Guzzlord ex,アクジキングex
Guzzlordex,アクジキングex
Lycanroc ex,ルガルガンex
Lycanrocex,ルガルガンex
Tapu Koko ex,カプ・コケコex
Tapu Kokoex,カプ・コケコex
Samina,ルザミーネ
Handsome,ハンサム
Gladio,グラジオ
Celesteela,テッカグヤ
Silvally,シルヴァディ
Pheromosa,フェローチェ
Entita,ビーストナイト
Cable Eléctrico,エレキコード
Repelente,むしよけスプレー
Muro Ente,ビーストウォール
Type: Null,タイプ：ヌル
Stoutland,ムーランド
Herdier,ハーデリア
Lillipup,ヨーテリー
Ferrothorn,ナットレイ
Ferroseed,テッシード
Aggron,ボスゴドラ
Lairon,コドラ
Aron,ココドラ
Naganadel,アーゴヨン
Krookodile,ワルビアル
Krokorok,ワルビル
Sandile,メグロコ
Passimian,ナゲツケサル
Claydol,ネンドール
Baltoy,ヤジロン
Emolga,エモンガ
Sharpedo,サメハダー
Carvanha,キバニア
Mantine,マンタイン
Decidueye,ジュナイパー
Mochila de Eevee,イーブイのバッグ
Eevee ex,イーブイex
Eeveeex,イーブイex
Snorlax ex,カビゴンex
Snorlaxex,カビゴンex
Dragonite ex,カイリューex
Dragoniteex,カイリューex
Sylveon ex,ニンフィアex
Sylveonex,ニンフィアex
Primarina ex,アシレーヌex
Primarinaex,アシレーヌex
Flareon ex,ブースターex
Flareonex,ブースターex
Noa,ボタン
Tilo,ハウ
Umbreon,ブラッキー
Sylveon,ニンフィア
Espeon,エーフィ
Restos,たべのこし
Greedent,ヨクバリス
Skwovet,ホシガリス
Audino,タブンネ
Carbink,メレシー
Alcremie,マホイップ
Milcery,マホミル
Alomomola,ママンボウ
Vanilluxe,バイバニラ
Vanillish,バニリッチ
Vanillite,バニプッチ
Incineroar,ガオガエン
Torkoal,コータス
Appletun,タルップル
Applin,カジッチュ
Tropius,トロピウス
Lugia ex,ルギアex
Lugiaex,ルギアex
Ho-Oh ex,ホウオウex
Ho-Ohex,ホウオウex
Skarmory ex,エアームドex
Skarmoryex,エアームドex
Umbreon ex,ブラッキーex
Umbreonex,ブラッキーex
Crobat ex,クロバットex
Crobatex,クロバットex
Donphan ex,ドンファンex
Donphanex,ドンファンex
Espeon ex,エーフィex
Espeonex,エーフィex
Lanturn ex,ランターンex
Lanturnex,ランターンex
Kingdra ex,キングドラex
Kingdraex,キングドラex
Shuckle ex,ツボツボex
Shuckleex,ツボツボex
Montañero,やまおとこ
Yasmina,ミカン
Pescador,釣り人
Plata,シルバー
Lira,コトネ
Mento,イツキ
Blissey,ハピナス
Smeargle,ドーブル
Stantler,オドシシ
Sentret,オタチ
Scizor,ハッサム
Spinarak,イトマル
Wobbuffet,ソーナンス
Xatu,ネイティオ
Ampharos,デンリュウ
Pichu,ピチュー
Delibird,デリバード
Octillery,オクタン
Qwilfish,ハリーセン
Totodile,ワニノコ
Magby,ブビィ
Cyndaquil,ヒノアラシ
Chikorita,チコリータ
Bufanda Rescatadora,レスキュースカーフ
Colgante Sombrío,ダークペンダント
Peto de Acero,鋼鉄のまえかけ
Squirgadera,ゼニガメじょうろ
Permuta Elemental,エレメンタルつけかえ
Bouffalant,バッフロン
Ursaring,リングマ
Teddiursa,ヒメグマ
Dunsparce,ノコッチ
Furret,オオタチ
Klinklang,ギギギアル
Klang,ギギアル
Klink,ギアル
Steelix,ハガネール
Forretress,フォレトス
Weavile,マニューラ
Ariados,アリアドス
Barbaracle,ガメノデス
Binacle,カメテテ
Tyrogue,バルキー
Musharna,ムシャーナ
Munna,ムンナ
Granbull,グランブル
Snubbull,ブルー
Girafarig,キリンリキ
Unown,アンノーン（パワー）
Unown,アンノーン（ガード）
Natu,ネイティ
Cleffa,ピィ
Smoochum,ムチュール
Slowking,ヤドキング
Raikou,ライコウ
Elekid,エレキッド
Flaaffy,モココ
Mareep,メリープ
Chinchou,チョンチー
Crawdaunt,シザリガー
Corphish,ヘイガニ
Suicune,スイクン
Remoraid,テッポウオ
Corsola,サニーゴ
Quagsire,ヌオー
Wooper,ウパー
Feraligatr,オーダイル
Croconaw,アリゲイツ
Politoed,ニョロトノ
Darmanitan,ヒヒダルマ
Darumaka,ダルマッカ
Entei,エンテイ
Typhlosion,バクフーン
Quilava,マグマラシ
Cherrim,チェリム
Pineco,クヌギダマ
Yanmega,メガヤンマ
Sunflora,キマワリ
Sunkern,ヒマナッツ
Jumpluff,ワタッコ
Skiploom,ポポッコ
Hoppip,ハネッコ
Ledian,レディアン
Ledyba,レディバ
Meganium,メガニウム
Bayleef,ベイリーフ
Blissey ex,ハピナスex
Blisseyex,ハピナスex
Mantyke,タマンタ
Suicune ex,スイクンex
Suicuneex,スイクンex
Poliwrath ex,ニョロボンex
Poliwrathex,ニョロボンex
Raikou ex,ライコウex
Raikouex,ライコウex
Entei ex,エンテイex
Enteiex,エンテイex
Jumpluff ex,ワタッコex
Jumpluffex,ワタッコex
Morti,マツバ
Buhonero,旅の行商人
Blanca,アカネ
Azurill,ルリリ
Latios,ラティオス
Yamper,ワンパチ
Stunfisk,マッギョ
Milotic,ミロカロス
Luz de la Memoria,メモリーライト
Bote Inflable,ウォーターボード
Zangoose,ザングース
Swablu,チルット
Miltank,ミルタンク
Igglybuff,ププリン
Altaria,チルタリス
Dragalge,ドラミドロ
Skrelp,クズモー
Malamar,カラマネロ
Inkay,マーイーカ
Zoroark,ゾロアーク
Zorua,ゾロア
Seviper,ハブネーク
Crustle,イワパレス
Dwebble,イシズマイ
Relicanth,ジーランス
Jellicent,ブルンゲル
Frillish,プルリル
Latias,ラティアス
Bulbasaur,ガラルサニゴーン
Bulbasaur,ガラルサニーゴ
Mismagius,ムウマージ
Boltund,パルスワン
Cryogonal,フリージオ
Feebas,ヒンバス
Durant,アイアント
Celebi,セレビィ
Refuerzo Fuego,フレイムパッチ
Arceus,アルセウスex
Bibarel,ビーダルex
Dialga,ディアルガex
Dugtrio,アローラダグトリオex
Passimian,ナゲツケサルex
Lycanroc,ルガルガンex
Tapu Koko,カプ・コケコex
Pikachu,ピカチュウex
Primarina,アシレーヌex
Palkia,パルキアex
Incineroar,ガオガエンex
Decidueye,ジュナイパーex
Diglett,アローラディグダ
Altaria,メガチルタリスex
Gyarados,メガギャラドスex
Blaziken,メガバシャーモex
Tauros,ケンタロスex
Melmetal,メルメタルex
Dragalge,ドラミドロex
Absol,メガアブソルex
Hitmonchan,エビワラーex
Indeedee,イエッサンex（メス）
Ampharos,メガデンリュウex
Jolteon,サンダースex
Greninja,ゲッコウガex
Rapidash,ギャロップex
Whimsicott,エルフーンex
Pinsir,メガカイロスex
Ariana,ルチア
Imitadora,モノマネ娘
Fantina,メリッサ
Aura,ハルカ
Kaudan,ハラ
Ciprián,シズイ
Rufflet,ワシボン
Goomy,ヌメラ
Corviknight,アーマーガア
Hydreigon,サザンドラ
Pancham,ヤンチャム
Archeops,アーケオス
Gothita,ゴチム
Cofagrigus,デスカーン
Eiscue,コオリッポ
Keldeo,ケルディオ
Ludicolo,ルンパッパ
Chandelure,シャンデラ
Rillaboom,ゴリランダー
Beautifly,アゲハント
Manoplas Suerte,ラッキーミトン
Casco Pesado,ヘビーメット
Baya Zidra,オボンのみ
Fósil Tapa,ふたの化石
Mazo Golpeador,ヒットハンマー
Fósil Pluma,はねの化石
Ruleta Jugarreta,いたずらルーレット
Corvisquire,アオガラス
Rookidee,ココガラ
Furfrou,トリミアン
Braviary,ウォーグル
Watchog,ミルホッグ
Patrat,ミネズミ
Spinda,パッチール
Exploud,バクオング
Loudred,ドゴーム
Whismur,ゴニョニョ
Linoone,マッスグマ
Zigzagoon,ジグザグマ
Goodra,ヌメルゴン
Sliggoo,ヌメイル
Aegislash,ギルガルド
Doublade,ニダンギル
Honedge,ヒトツキ
Cobalion,コバルオン
Grimmsnarl,オーロンゲ
Morgrem,ギモー
Impidimp,ベロバー
Pangoro,ゴロンダ
Zweilous,ジヘッド
Deino,モノズ
Coalossal,セキタンザン
Carkol,トロッゴン
Rolycoly,タンドン
Crabominable,ケケンカニ
Terrakion,テラキオン
Archen,アーケン
Aromatisse,フレフワン
Spritzee,シュシュプ
Gothitelle,ゴチルゼル
Gothorita,ゴチミル
Yamask,デスマス
Chingling,リーシャン
Jirachi,ジラーチ
Barraskewda,カマスジョー
Arrokuda,サシカマス
Avalugg,クレベース
Bergmite,カチコール
Carracosta,アバゴーラ
Tirtouga,プロトーガ
Seismitoad,ガマゲロゲ
Palpitoad,ガマガル
Tympole,オタマロ
Simipour,ヒヤッキー
Panpour,ヒヤップ
Luvdisc,ラブカス
Wailord,ホエルオー
Wailmer,ホエルコ
Lombre,ハスブレロ
Lotad,ハスボー
Pyroar,カエンジシ
Litleo,シシコ
Lampent,ランプラー
Litwick,ヒトモシ
Simisear,バオッキー
Pansear,バオップ
Blaziken,バシャーモ
Combusken,ワカシャモ
Torchic,アチャモ
Ho-Oh,ホウオウ
Thwackey,バチンキー
Grookey,サルノリ
Virizion,ビリジオン
Simisage,ヤナッキー
Pansage,ヤナップ
Breloom,キノガッサ
Shroomish,キノココ
Shiftry,ダーテング
Nuzleaf,コノハナ
Seedot,タネボー
Dustox,ドクケイル
Cascoon,マユルド
Silcoon,カラサリス
Wurmple,ケムッソ
Extracto de Maduración,そうじゅくエキス
MegaCharizardY ex,メガリザードンYex
MegaCharizardYex,メガリザードンYex
MegaSteelix ex,メガハガネールex
MegaSteelixex,メガハガネールex
MegaLopunny ex,メガミミロップex
MegaLopunnyex,メガミミロップex
MegaBlastoise ex,メガカメックスex
MegaBlastoiseex,メガカメックスex
MegaVenusaur ex,メガフシギバナex
MegaVenusaurex,メガフシギバナex
Serena,セレナ
Lem,シトロン
Xerneas,ゼルネアス
Reuniclus,ランクルス
Mochila de Lem,シトロンのリュック
Genesect,ゲノセクト
Duosion,ダブラン
Solosis,ユニラン
Clawitzer,ブロスター
Clauncher,ウデッポウ
Basculin,バスラオ