拉普拉斯 ex,ラプラスex
拉普拉斯ex,ラプラスex
巴大蝶,バタフリー
喵喵,ニャース
吉利蛋,ラッキー
皮卡丘,ピカチュウ
博士的研究,博士の研究
紅牌,レッドカード
精靈球,モンスターボール
寶可夢圖鑑 ex,ポケモン図鑑
寶可夢圖鑑ex,ポケモン図鑑
窺手鏡,ハンドスコープ
速度強化,スピーダー
傷藥,きずぐすり
超夢 ex,ミュウツーex
超夢ex,ミュウツーex
皮卡丘 ex,ピカチュウex
皮卡丘ex,ピカチュウex
噴火龍 ex,リザードンex
噴火龍ex,リザードンex
夢幻,ミュウ
胖可丁 ex,プクリンex
胖可丁ex,プクリンex
怪力 ex,カイリキーex
怪力ex,カイリキーex
耿鬼 ex,ゲンガーex
耿鬼ex,ゲンガーex
閃電鳥 ex,サンダーex
閃電鳥ex,サンダーex
急凍鳥 ex,フリーザーex
急凍鳥ex,フリーザーex
火焰鳥 ex,ファイヤーex
火焰鳥ex,ファイヤーex
馬志士,マチス
娜姿,ナツメ
小剛,タケシ
坂木,サカキ
阿桔,キョウ
夏伯,カツラ
小霞,カスミ
莉佳,エリカ
嘎啦嘎啦 ex,ガラガラex
嘎啦嘎啦ex,ガラガラex
寶石海星 ex,スターミーex
寶石海星ex,スターミーex
水箭龜 ex,カメックスex
水箭龜ex,カメックスex
風速狗 ex,ウインディex
風速狗ex,ウインディex
椰蛋樹 ex,ナッシーex
椰蛋樹ex,ナッシーex
妙蛙花 ex,フシギバナex
妙蛙花ex,フシギバナex
卡比獸,カビゴン
多邊獸,ポリゴン
伊布,イーブイ
百變怪,メタモン
大比鳥,ピジョット
快龍,カイリュー
雙彈瓦斯,マタドガス
大嘴蝠,ゴルバット
尼多王,ニドキング
尼多后,ニドクイン
卡拉卡拉,カラカラ
地鼠,ディグダ
呆呆獸,ヤドン
胡地,フーディン
頑皮雷彈,マルマイン
拉普拉斯,ラプラス
暴鯉龍,ギャラドス
傑尼龜,ゼニガメ
烈焰馬,ギャロップ
小火龍,ヒトカゲ
凱羅斯,カイロス
臭臭花,クサイハナ
妙蛙種子,フシギダネ
秘密琥珀,ひみつのコハク
甲殼化石,こうらの化石
貝殼化石,かいの化石
毛毛角羊,バイウールー
毛辮羊,ウールー
奇諾栗鼠,チラチーノ
泡沫栗鼠,チラーミィ
化石翼龍,プテラ
肯泰羅,ケンタロス
袋獸,ガルーラ
大舌頭,ベロリンガ
嘟嘟利,ドードリオ
嘟嘟,ドードー
大蔥鴨,カモネギ
貓老大,ペルシアン
胖可丁,プクリン
胖丁,プリン
大嘴雀,オニドリル
烈雀,オニスズメ
拉達,ラッタ
小拉達,コラッタ
比比鳥,ピジョン
波波,ポッポ
哈克龍,ハクリュー
迷你龍,ミニリュウ
美錄梅塔,メルメタル
美錄坦,メルタン
劈斬司令,キリキザン
駒刀小兵,コマタナ
大嘴娃,クチート
瓦斯彈,ドガース
臭臭泥,ベトベトン
臭泥,ベトベター
超音蝠,ズバット
尼多力諾,ニドリーノ
尼多朗,ニドラン♂
尼多娜,ニドリーナ
尼多蘭,ニドラン♀
阿柏怪,アーボック
阿柏蛇,アーボ
八爪武師,オトスパス
拳拳蛸,タタッコ
師父鼬,コジョンド
功夫鼬,コジョフー
鐮刀盔,カブトプス
化石盔,カブト
鑽角犀獸,サイドン
獨角犀牛,サイホーン
快拳郎,エビワラー
飛腿郎,サワムラー
嘎啦嘎啦,ガラガラ
大岩蛇,イワーク
隆隆岩,ゴローニャ
隆隆石,ゴローン
小拳石,イシツブテ
怪力,カイリキー
豪力,ゴーリキー
腕力,ワンリキー
火爆猴,オコリザル
猴怪,マンキー
三地鼠,ダグトリオ
穿山王,サンドパン
穿山鼠,サンド
泥偶巨人,ゴルーグ
泥偶小人,ゴビット
心蝙蝠,ココロモリ
滾滾蝙蝠,コロモリ
沙奈朵,サーナイト
奇魯莉安,キルリア
拉魯拉絲,ラルトス
超夢,ミュウツー
迷唇姐,ルージュラ
魔牆人偶,バリヤード
引夢貘人,スリーパー
催眠貘,スリープ
耿鬼,ゲンガー
鬼斯通,ゴースト
鬼斯,ゴース
呆殼獸,ヤドラン
勇基拉,ユンゲラー
凱西,ケーシィ
皮可西,ピクシー
皮皮,ピッピ
啪嚓海膽,バチンウニ
電傘查特,エレザード
傘電蜥,エリキテル
麻麻鰻魚王,シビルドン
麻麻鰻,シビビール
麻麻小魚,シビシラス
雷電斑馬,ゼブライカ
斑斑馬,シママ
閃電鳥,サンダー
雷伊布,サンダース
電擊獸,エレブー
霹靂電球,ビリリダマ
三合一磁怪,レアコイル
小磁怪,コイル
雷丘,ライチュウ
雪絨蛾,モスノウ
雪吞蟲,ユキハミ
磨牙彩皮魚,ハギギシリ
拳海參,ナマコブシ
甲賀忍蛙,ゲッコウガ
呱頭蛙,ゲコガシラ
呱呱泡蛙,ケロマツ
首席天鵝,スワンナ
鴨寶寶,コアルヒー
急凍鳥,フリーザー
多刺菊石獸,オムスター
菊石獸,オムナイト
水伊布,シャワーズ
鯉魚王,コイキング
寶石海星,スターミー
海星星,ヒトデマン
金魚王,アズマオウ
角金魚,トサキント
海刺龍,シードラ
墨海馬,タッツー
巨鉗蟹,キングラー
大鉗蟹,クラブ
刺甲貝,パルシェン
大舌貝,シェルダー
白海獅,ジュゴン
小海獅,パウワウ
毒刺水母,ドククラゲ
瑪瑙水母,メノクラゲ
蚊香泳士,ニョロボン
蚊香君,ニョロゾ
蚊香蝌蚪,ニョロモ
哥達鴨,ゴルダック
可達鴨,コダック
水箭龜,カメックス
卡咪龜,カメール
焚焰蚣,マルヤクデ
燒火蚣,ヤクデ
焰后蜥,エンニュート
夜盜火蜥,ヤトウモリ
食蟻爐,クイタラン
火焰鳥,ファイヤー
火伊布,ブースター
鴨嘴火獸,ブーバー
小火馬,ポニータ
風速狗,ウインディ
卡蒂狗,ガーディ
九尾,キュウコン
六尾,ロコン
噴火龍,リザードン
火恐龍,リザード
坐騎山羊,ゴーゴート
咩咩羊,メェークル
裙兒小姐,ドレディア
百合根娃娃,チュリネ
風妖精,エルフーン
木棉球,モンメン
飛天螳螂,ストライク
蔓藤怪,モンジャラ
椰蛋樹,ナッシー
蛋蛋,タマタマ
大食花,ウツボット
口呆花,ウツドン
喇叭芽,マダツボミ
摩魯蛾,モルフォン
毛球,コンパン
派拉斯特,パラセクト
派拉斯,パラス
霸王花,ラフレシア
走路草,ナゾノクサ
大針蜂,スピアー
鐵殼蛹,コクーン
獨角蟲,ビードル
鐵甲蛹,トランセル
綠毛蟲,キャタピー
妙蛙花,フシギバナ
妙蛙草,フシギソウ
袋獸,コイル
夢幻 ex,ミュウex
夢幻ex,ミュウex
雪拉比 ex,セレビィex
雪拉比ex,セレビィex
化石翼龍 ex,プテラex
化石翼龍ex,プテラex
Leaf,リーフ
Blue,グリーン
Budding Expeditioner,かけだし調査員
大比鳥 ex,ピジョットex
大比鳥ex,ピジョットex
暴鯉龍 ex,ギャラドスex
暴鯉龍ex,ギャラドスex
瑪夏多,マーシャドー
咚咚鼠,デデンネ
君主蛇,ジャローダ
Mythical Slab,幻の石板
Pokémon Flute,ポケモンの笛
聒噪鳥,ペラップ
赤面龍,クリムガン
蜈蚣王,ペンドラー
車輪毬,ホイーガ
百足蜈蚣,フシデ
酷豹,レパルダス
扒手貓,チョロネコ
巨石丁,イシヘンジン
胖甜妮,ペロリーム
綿綿泡芙,ペロッパフ
花潔夫人,フラージェス
花葉蒂,フラエッテ
花蓓蓓,フラベベ
大宇怪,オーベム
小灰怪,リグレー
象徵鳥,シンボラー
電蜘蛛,デンチュラ
電電蟲,バチュル
古月鳥,ウッウ
暴噬龜,カジリガメ
咬咬龜,カムカメ
霓虹魚,ネオラント
螢光魚,ケイコウオ
火神蟲,ウルガモス
燃燒蟲,メラルバ
破破舵輪,ダダリン
燈罩夜菇,マシェード
睡睡菇,ネマシュ
青藤蛇,ジャノビー
藤藤蛇,ツタージャ
帝牙盧卡 ex,ディアルガex
帝牙盧卡ex,ディアルガex
帕路奇犽 ex,パルキアex
帕路奇犽ex,パルキアex
大舌舔 ex,ベロベルトex
大舌舔ex,ベロベルトex
達克萊伊 ex,ダークライex
達克萊伊ex,ダークライex
瑪狃拉 ex,マニューラex
瑪狃拉ex,マニューラex
艾路雷朵 ex,エルレイドex
艾路雷朵ex,エルレイドex
夢妖魔 ex,ムウマージex
夢妖魔ex,ムウマージex
帕奇利茲 ex,パチリスex
帕奇利茲ex,パチリスex
烈焰猴 ex,ゴウカザルex
烈焰猴ex,ゴウカザルex
梅卡陽瑪 ex,メガヤンマex
梅卡陽瑪ex,メガヤンマex
夥星,マーズ
小光,ヒカリ
電次,デンジ
竹蘭,シロナ
银河队手下,ギンガ団のしたっぱ
赤日,アカギ
雷吉奇卡斯,レジギガス
魅力喵,ニャルマー
大牙狸,ビッパ
姆克鷹,ムクホーク
烈咬陸鯊,ガブリアス
席多藍恩,ヒードラン
不良蛙,グレッグル
花岩怪,ミカルゲ
怪河馬,ヒポポタス
路卡利歐,ルカリオ
超鐵暴龍,ドサイドン
克雷色利亞,クレセリア
騎拉帝納,ギラティナ
艾姆利多,エムリット
飄飄球,フワンテ
洛托姆,ロトム
小貓怪,コリンク
瑪納霏,マナフィ
海牛獸,トリトドン
象牙豬,マンムー
謝米,シェイミ
尖牙籠,マスキッパ
三蜜蜂,ミツハニー
巨蔓藤,モジャンボ
木子果,ラムのみ
凸凸头盔,ゴツゴツメット
宝可梦连接,ポケモン通信
盾甲化石,たての化石
头盖化石,ずがいの化石
旋转,スピンロトム
東施喵,ブニャット
長耳兔,ミミロップ
捲捲耳,ミミロル
大尾狸,ビーダル
姆克鳥,ムクバード
姆克兒,ムックル
雙尾怪手,エテボース
長尾怪手,エイパム
3D龍Z,ポリゴンZ
3D龍2,ポリゴン2
尖牙陸鯊,ガバイト
圓陸鯊,フカマル
大朝北鼻,ダイノーズ
青銅鐘,ドータクン
銅鏡怪,ドーミラー
結草貴婦,ミノマダム（ゴミのミノ）
護城龍,トリデプス
盾甲龍,タテトプス
雷吉斯奇魯,レジスチル
盔甲鳥,エアームド
達克萊伊,ダークライ
毒骷蛙,ドクロッグ
龍王蠍,ドラピオン
紫天蠍,スコルピ
坦克臭鼬,スカタンク
臭鼬噗,スカンプー
大狼犬,グラエナ
土狼犬,ポチエナ
狃拉,ニューラ
烏鴉頭頭,ドンカラス
黑暗鴉,ヤミカラス
河馬獸,カバルドン
利歐路,リオル
結草貴婦,ミノマダム（すなちのミノ）
戰槌龍,ラムパルド
頭蓋龍,ズガイドス
雷吉洛克,レジロック
朝北鼻,ノズパス
柯波朗,カポエラー
天蠍王,グライオン
天蠍,グライガー
亞克諾姆,アグノム
由克希,ユクシー
附和氣球,フワライド
夜黑魔人,ヨノワール
夜巨人,サマヨール
夜骷顱,ヨマワル
夢妖,ムウマ
波克基斯,トゲキッス
波克基古,トゲチック
波克比,トゲピー
倫琴貓,レントラー
勒克貓,ルクシオ
電擊魔獸,エレキブル
自爆磁怪,ジバコイル
结冰,フロストロトム
清洗,ウォッシュロトム
冰精靈,グレイシア
暴雪王,ユキノオー
雪笠怪,ユキカブリ
無殼海牛,カラナクシ
浮潛鼬,フローゼル
泳氣鼬,ブイゼル
帝王拿波,エンペルト
波皇子,ポッタイシ
波加曼,ポッチャマ
雷吉艾斯,レジアイス
長毛豬,イノムー
小山豬,ウリムー
加热,ヒートロトム
猛火猴,モウカザル
小火焰猴,ヒコザル
熔岩蝸牛,マグカルゴ
熔岩蟲,マグマッグ
鴨嘴焰龍,ブーバーン
切割,カットロトム
葉精靈,リーフィア
蜂后,ビークイン
結草貴婦,ミノマダム
結草兒,ミノムッチ
音箱蟀,コロトック
圓法師,コロボーシ
土台龜,ドダイトス
樹林龜,ハヤシガメ
草苗龜,ナエトル
羅絲雷朵,ロズレイド
毒薔薇,ロゼリア
陽陽瑪,ヤンヤンマ
美麗花,キレイハナ
克雷色利亞 ex,クレセリアex
克雷色利亞ex,クレセリアex
阿爾宙斯 ex,アルセウスex
阿爾宙斯ex,アルセウスex
大朝北鼻 ex,ダイノーズex
大朝北鼻ex,ダイノーズex
烈咬陸鯊 ex,ガブリアスex
烈咬陸鯊ex,ガブリアスex
冰精靈 ex,グレイシアex
冰精靈ex,グレイシアex
葉精靈 ex,リーフィアex
葉精靈ex,リーフィアex
剛時,セキ
阿馴,ジュン
神和鎮長老,カンナギタウンの長老
珠貝,カイ
樹才怪,ウソッキー
未知圖騰,アンノーン
瑪力露,マリル
黑魯加,ヘルガー
阿爾宙斯,アルセウス
貓頭夜鷹,ヨルノズク
咕咕,ホーホー
起源帝牙盧卡,オリジンディアルガ
叉字蝠,クロバット
恰雷姆,チャーレム
瑪沙那,アサナン
班吉拉,バンギラス
沙基拉,サナギラス
由基拉,ヨーギラス
頓甲,ドンファン
小小象,ゴマゾウ
雷電獸,ライボルト
落雷獸,ラクライ
霏歐納,フィオネ
起源帕路奇亞,オリジンパルキア
雪妖女,ユキメノコ
雪童子,ユキワラシ
鯰魚王,ナマズン
泥泥鰍,ドジョッチ
瑪力露麗,マリルリ
戴魯比,デルビル
櫻花兒,チェリム（ポジ）
櫻花兒,チェリム（ネガ）
櫻花寶,チェリンボ
紳士蛾,ガーメイル
赫拉剋羅斯,ヘラクロス
小鍛匠,ニャオハ
帕奇利茲,パチリス
巴布土撥,パーモット
摩托蜥,モトトカゲ
路卡利歐 ex,ルカリオex
路卡利歐ex,ルカリオex
三海地鼠 ex,ウミトリオex
三海地鼠ex,ウミトリオex
大針蜂 ex,スピアーex
大針蜂ex,スピアーex
普隆隆姆,ブロロローム
噗隆隆,ブロロン
吃吼霸,ヘイラッシャ
海地鼠,ウミディグダ
騎拉帝納 ex,ギラティナex
騎拉帝納ex,ギラティナex
大尾狸 ex,ビーダルex
大尾狸ex,ビーダルex
巨鍛匠 ex,デカヌチャンex
巨鍛匠ex,デカヌチャンex
帕底亞土王 ex,パルデアドオーex
帕底亞土王ex,パルデアドオーex
火箭隊手下,ロケット団のしたっぱ
赤紅,レッド
寶可夢中心的姐姐,ポケモンセンターのお姉さん
奇樹,ナンジャモ
賽富豪,サーフゴー
塗標客,タギングル
米立龍,シャリタツ
魔幻假面喵,マスカーニャ
大舌舔,ベロベルト
巧鍛匠,ナカヌチャン
小鍛匠,カヌチャン
滋汁鼴,シルシュルー
帕底亞烏波,パルデアウパー
纏紅鶴,カラミンゴ
索財靈,コレクレー
布土撥,パモット
布撥,パモ
帕底亞肯泰羅,パルデアケンタロス
蒂蕾喵,ニャローテ
新葉喵,ニャオハ
銃嘴大鳥,ドデカバシ
阿罗拉 臭泥,アローラベトベター
好勝蟹,マケンカニ
阿罗拉 椰蛋树,アローラナッシー
謎擬Ｑ,ミミッキュ
烈空坐 ex,レックウザex
烈空坐ex,レックウザex
烈空坐,レックウザ
索爾迦雷歐 ex,ソルガレオex
索爾迦雷歐ex,ソルガレオex
露奈雅拉 ex,ルナアーラex
露奈雅拉ex,ルナアーラex
莉莉艾,リーリエ
古兹马,グズマ
阿罗拉 臭臭泥 ex,アローラベトベトンex
阿罗拉 臭臭泥ex,アローラベトベトンex
投擲猴 ex,ナゲツケサルex
投擲猴ex,ナゲツケサルex
弱丁魚 ex,ヨワシex
弱丁魚ex,ヨワシex
好勝毛蟹 ex,ケケンカニex
好勝毛蟹ex,ケケンカニex
熾焰咆哮虎 ex,ガオガエンex
熾焰咆哮虎ex,ガオガエンex
破破舵輪 ex,ダダリンex
破破舵輪ex,ダダリンex
狙射樹梟 ex,ジュナイパーex
狙射樹梟ex,ジュナイパーex
玛奥,マオ
马玛内,マーマネ
水莲,スイレン
卡奇,カキ
伊利马,イリマ
阿塞萝拉,アセロラ
樹枕尾熊,ネッコアラ
穿著熊,キテルグマ
小篤兒,ツツケラ
老翁龍,ジジーロン
瑪機雅娜,マギアナ
小隕星,メテノ
重泥挽馬,バンバドロ
岩狗狗,イワンコ
科斯莫古,コスモッグ
卡璞・蝶蝶,カプ・テテフ
沙丘娃,スナバァ
花療環環,キュワワー
萌虻,アブリー
卡璞・鳴鳴,カプ・コケコ
花舞鳥,オドリドリ（ぱちぱち）
卡璞・鰭鰭,カプ・レヒレ
爆焰龜獸,バクガメス
阿罗拉 嘎啦嘎啦,アローラガラガラ
卡璞・哞哞,カプ・ブルル
甜冷美后,アマージョ
叶绿斗蓬,リーフマント
毒针,どくバリ
洛托姆图鉴 ex,ロトム図鑑
洛托姆图鉴ex,ロトム図鑑
神奇糖果,ふしぎなアメ
渔网,おさかなネット
大马拉萨达,おおきいマラサダ
智揮猩,ヤレユータン
童偶熊,ヌイコグマ
貓鼬探長,デカグース
貓鼬少,ヤングース
喇叭啄鳥,ケララッパ
戰鬥飛鳥,ルチャブル
小箭雀,ヤヤコマ
優雅貓,エネコロロ
向尾喵,エネコ
杖尾鱗甲龍,ジャラランガ
鱗甲龍,ジャランゴ
心鱗寶,ジャラコ
鑰圈兒,クレッフィ
騎士蝸牛,シュバルゴ
龍頭地鼠,ドリュウズ
阿罗拉 三地鼠,アローラダグトリオ
阿罗拉 地鼠,アローラディグダ
超壞星 ex,ドヒドイデ
超壞星ex,ドヒドイデ
好壞星,ヒドイデ
灰塵山,ダストダス
破破袋,ヤブクロン
阿勃梭魯,アブソル
阿罗拉 猫老大,アローラペルシアン
阿罗拉 喵喵,アローラニャース
阿罗拉 拉达,アローララッタ
阿罗拉 小拉达,アローラコラッタ
泥驢仔,ドロバンコ
鬃岩狼人,ルガルガン
修繕老頭,ローブシン
鐵骨土人,ドテッコツ
搬運小匠,ドッコラー
螺釘地鼠,モグリュー
太陽岩,ソルロック
超力王,ハリテヤマ
幕下力士,マクノシタ
奈克洛兹瑪,ネクロズマ
科斯莫姆,コスモウム
噬沙堡爺,シロデスナ
蝶結萌虻,アブリボン
花舞鳥,オドリドリ（まいまい）
花舞鳥,オドリドリ（ふらふら）
詛咒娃娃,ジュペッタ
怨影娃娃,カゲボウズ
月石,ルナトーン
噗噗豬,ブーピッグ
跳跳豬,バネブー
勾魂眼,ヤミラミ
托戈德瑪爾,トゲデマル
鍬農炮蟲,クワガノン
蟲電寶,デンヂムシ
滴蛛霸,オニシズクモ
滴蛛,シズクモ
弱丁魚,ヨワシ
西獅海壬,アシレーヌ
花漾海獅,オシャマリ
球球海獅,アシマリ
阿罗拉 穿山王,アローラサンドパン
阿罗拉 穿山鼠,アローラサンド
花舞鳥,オドリドリ（めらめら）
炎熱喵,ニャヒート
火斑喵,ニャビー
烈箭鶲,ファイアロー
火箭雀,ヒノヤコマ
具甲武者,グソクムシャ
膽小蟲,コソクムシ
甜舞妮,アママイコ
甜竹竹,アマカジ
蘭螳花,ラランテス
偽螳草,カリキリ
強顎雞母蟲,アゴジムシ
投羽梟,フクスロー
木木梟,モクロー
朽木妖,オーロット
小木靈,ボクレー
蓋蓋蟲,カブルモ
街頭沙鈴,マラカッチ
雨翅蛾,アメモース
溜溜糖球,アメタマ
毒貝比,ベベノム
妙蛙種子 ex,ウルトラネクロズマex
妙蛙種子ex,ウルトラネクロズマex
壘磊石,ツンデツンデ
奈克洛兹玛 黄昏之鬃,ネクロズマ（たそがれのたてがみ）
奈克洛兹玛 拂晓之翼,ネクロズマ（あかつきのつばさ）
電束木,デンジュモク
砰頭小丑,ズガドーン
紙御劍,カミツルギ
捷拉奧拉,ゼラオラ
虛吾伊德,ウツロイド
爆肌蚊 ex,マッシブーンex
爆肌蚊ex,マッシブーンex
阿罗拉 三地鼠 ex,アローラダグトリオex
阿罗拉 三地鼠ex,アローラダグトリオex
惡食大王 ex,アクジキングex
惡食大王ex,アクジキングex
鬃岩狼人 ex,ルガルガンex
鬃岩狼人ex,ルガルガンex
卡璞・鳴鳴 ex,カプ・コケコex
卡璞・鳴鳴ex,カプ・コケコex
露莎米奈,ルザミーネ
帥哥,ハンサム
格拉吉歐,グラジオ
鐵火輝夜,テッカグヤ
銀伴戰獸,シルヴァディ
費洛美螂,フェローチェ
异兽秘石,ビーストナイト
电线,エレキコード
除虫喷雾,むしよけスプレー
异兽防壁,ビーストウォール
屬性：空,タイプ：ヌル
長毛狗,ムーランド
哈約克,ハーデリア
小約克,ヨーテリー
堅果啞鈴,ナットレイ
種子鐵球,テッシード
波士可多拉,ボスゴドラ
可多拉,コドラ
可可多拉,ココドラ
四顎針龍,アーゴヨン
流氓鱷,ワルビアル
混混鱷,ワルビル
黑眼鱷,メグロコ
投擲猴,ナゲツケサル
念力土偶,ネンドール
天秤偶,ヤジロン
電飛鼠,エモンガ
巨牙鯊,サメハダー
利牙魚,キバニア
巨翅飛魚,マンタイン
狙射樹梟,ジュナイパー
伊布包包,イーブイのバッグ
伊布 ex,イーブイex
伊布ex,イーブイex
卡比獸 ex,カビゴンex
卡比獸ex,カビゴンex
快龍 ex,カイリューex
快龍ex,カイリューex
仙子精靈 ex,ニンフィアex
仙子精靈ex,ニンフィアex
西獅海壬 ex,アシレーヌex
西獅海壬ex,アシレーヌex
火伊布 ex,ブースターex
火伊布ex,ブースターex
牡丹,ボタン
哈乌,ハウ
月精靈,ブラッキー
仙子精靈,ニンフィア
太陽精靈,エーフィ
吃剩的东西,たべのこし
藏飽栗鼠,ヨクバリス
貪心栗鼠,ホシガリス
差不多娃娃,タブンネ
小碎鑽,メレシー
霜奶仙,マホイップ
小仙奶,マホミル
保母曼波,ママンボウ
雙倍多多冰,バイバニラ
多多冰,バニリッチ
迷你冰,バニプッチ
熾焰咆哮虎,ガオガエン
煤炭龜,コータス
豐蜜龍,タルップル
啃果蟲,カジッチュ
熱帶龍,トロピウス
洛奇亞 ex,ルギアex
洛奇亞ex,ルギアex
鳳王 ex,ホウオウex
鳳王ex,ホウオウex
盔甲鳥 ex,エアームドex
盔甲鳥ex,エアームドex
月精靈 ex,ブラッキーex
月精靈ex,ブラッキーex
叉字蝠 ex,クロバットex
叉字蝠ex,クロバットex
頓甲 ex,ドンファンex
頓甲ex,ドンファンex
太陽精靈 ex,エーフィex
太陽精靈ex,エーフィex
電燈怪 ex,ランターンex
電燈怪ex,ランターンex
刺龍王 ex,キングドラex
刺龍王ex,キングドラex
壺壺 ex,ツボツボex
壺壺ex,ツボツボex
登山男,やまおとこ
阿蜜,ミカン
钓鱼者,釣り人
小银,シルバー
琴音,コトネ
一树,イツキ
幸福蛋,ハピナス
圖圖犬,ドーブル
驚角鹿,オドシシ
尾立,オタチ
巨鉗螳螂,ハッサム
線球,イトマル
果然翁,ソーナンス
天然鳥,ネイティオ
電龍,デンリュウ
皮丘,ピチュー
信使鳥,デリバード
章魚桶,オクタン
千針魚,ハリーセン
小鋸鱷,ワニノコ
小鴨嘴龍,ブビィ
火球鼠,ヒノアラシ
菊草葉,チコリータ
救援领巾,レスキュースカーフ
暗黑吊坠,ダークペンダント
钢铁前挂,鋼鉄のまえかけ
杰尼龟喷壶,ゼニガメじょうろ
元素置换,エレメンタルつけかえ
爆爆頭水牛,バッフロン
圈圈熊,リングマ
熊寶寶,ヒメグマ
土龍弟弟,ノコッチ
大尾立,オオタチ
齒輪怪,ギギギアル
齒輪組,ギギアル
齒輪兒,ギアル
大鋼蛇,ハガネール
佛烈托斯,フォレトス
瑪狃拉,マニューラ
阿利多斯,アリアドス
龜足巨鎧,ガメノデス
龜腳腳,カメテテ
巴爾郎,バルキー
夢夢蝕,ムシャーナ
食夢夢,ムンナ
布盧皇,グランブル
布盧,ブルー
麒麟奇,キリンリキ
未知圖騰,アンノーン（パワー）
未知圖騰,アンノーン（ガード）
天然雀,ネイティ
皮寶寶,ピィ
迷唇娃,ムチュール
河馬王,ヤドキング
雷公,ライコウ
電擊怪,エレキッド
綿綿,モココ
咩利羊,メリープ
燈籠魚,チョンチー
鐵螯龍蝦,シザリガー
龍蝦小兵,ヘイガニ
水君,スイクン
鐵炮魚,テッポウオ
太陽珊瑚,サニーゴ
沼王,ヌオー
烏波,ウパー
大力鱷,オーダイル
藍鱷,アリゲイツ
蚊香蛙皇,ニョロトノ
達摩狒狒,ヒヒダルマ
火紅不倒翁,ダルマッカ
炎帝,エンテイ
火暴獸,バクフーン
火岩鼠,マグマラシ
櫻花兒,チェリム
榛果球,クヌギダマ
梅卡陽瑪,メガヤンマ
向日花怪,キマワリ
向日種子,ヒマナッツ
毽子綿,ワタッコ
毽子花,ポポッコ
毽子草,ハネッコ
安瓢蟲,レディアン
芭瓢蟲,レディバ
大菊花,メガニウム
月桂葉,ベイリーフ
幸福蛋 ex,ハピナスex
幸福蛋ex,ハピナスex
小球飛魚,タマンタ
水君 ex,スイクンex
水君ex,スイクンex
蚊香泳士 ex,ニョロボンex
蚊香泳士ex,ニョロボンex
雷公 ex,ライコウex
雷公ex,ライコウex
炎帝 ex,エンテイex
炎帝ex,エンテイex
毽子綿 ex,ワタッコex
毽子綿ex,ワタッコex
松葉,マツバ
旅行商人,旅の行商人
小茜,アカネ
露力麗,ルリリ
拉帝歐斯,ラティオス
來電汪,ワンパチ
泥巴魚,マッギョ
美納斯,ミロカロス
記憶之光,メモリーライト
充氣小船,ウォーターボード
貓鼬斬,ザングース
青綿鳥,チルット
大奶罐,ミルタンク
寶寶丁,ププリン
七夕青鳥,チルタリス
毒拉蜜妮,ドラミドロ
垃垃藻,クズモー
烏賊王,カラマネロ
豪喇花枝,マーイーカ
索羅亞克,ゾロアーク
索羅亞,ゾロア
飯匙蛇,ハブネーク
岩殿居蟹,イワパレス
石居蟹,イシズマイ
古空棘魚,ジーランス
胖嘟嘟,ブルンゲル
輕飄飄,プルリル
拉帝亞斯,ラティアス
妙蛙種子,ガラルサニゴーン
妙蛙種子,ガラルサニーゴ
夢妖魔,ムウマージ
逐電犬,パルスワン
幾何雪花,フリージオ
笨笨魚,ヒンバス
鐵蟻,アイアント
雪拉比,セレビィ
火打石,フレイムパッチ
阿爾宙斯,アルセウスex
大尾狸,ビーダルex
帝牙盧卡,ディアルガex
三地鼠,アローラダグトリオex
投擲猴,ナゲツケサルex
鬃岩狼人,ルガルガンex
卡璞・鳴鳴,カプ・コケコex
皮卡丘,ピカチュウex
西獅海壬,アシレーヌex
帕路奇犽,パルキアex
熾焰咆哮虎,ガオガエンex
狙射樹梟,ジュナイパーex
地鼠,アローラディグダ
七夕青鳥,メガチルタリスex
暴鯉龍,メガギャラドスex
火焰雞,メガバシャーモex
肯泰羅,ケンタロスex
美錄梅塔,メルメタルex
毒拉蜜妮,ドラミドロex
阿勃梭魯,メガアブソルex
快拳郎,エビワラーex
愛管侍,イエッサンex（メス）
電龍,メガデンリュウex
雷伊布,サンダースex
甲賀忍蛙,ゲッコウガex
烈焰馬,ギャロップex
風妖精,エルフーンex
凱羅斯,メガカイロスex
琉琪亞,ルチア
模仿少女,モノマネ娘
梅麗莎,メリッサ
小遙,ハルカ
哈拉,ハラ
西子伊,シズイ
毛頭小鷹,ワシボン
黏黏寶,ヌメラ
鋼鎧鴉,アーマーガア
三頭龍,サザンドラ
頑皮熊貓,ヤンチャム
始祖大鳥,アーケオス
哥德寶寶,ゴチム
死神棺,デスカーン
冰砌鵝,コオリッポ
凱路迪歐,ケルディオ
樂天河童,ルンパッパ
水晶燈火靈,シャンデラ
轟擂金剛猩,ゴリランダー
狩獵鳳蝶,アゲハント
幸運手套,ラッキーミトン
沉重頭盔,ヘビーメット
文柚果,オボンのみ
背蓋化石,ふたの化石
重擊鎚,ヒットハンマー
羽毛化石,はねの化石
恶作剧轮盘,いたずらルーレット
藍鴉,アオガラス
稚山雀,ココガラ
多麗米亞,トリミアン
勇士鷹,ウォーグル
步哨鼠,ミルホッグ
探探鼠,ミネズミ
晃晃斑,パッチール
爆音怪,バクオング
吼爆彈,ドゴーム
咕妞妞,ゴニョニョ
直衝熊,マッスグマ
蛇紋熊,ジグザグマ
黏美露龍,ヌメルゴン
黏美伊兒,ヌメイル
堅盾劍怪,ギルガルド
雙劍鞘,ニダンギル
獨劍鞘,ヒトツキ
勾帕路翁,コバルオン
長毛巨魔,オーロンゲ
詐唬魔,ギモー
搗蛋小妖,ベロバー
流氓熊貓,ゴロンダ
雙頭龍,ジヘッド
單首龍,モノズ
巨炭山,セキタンザン
大炭車,トロッゴン
小炭仔,タンドン
好勝毛蟹,ケケンカニ
代拉基翁,テラキオン
始祖小鳥,アーケン
芳香精,フレフワン
粉香香,シュシュプ
哥德小姐,ゴチルゼル
哥德小童,ゴチミル
哭哭面具,デスマス
鈴噹響,リーシャン
基拉祈,ジラーチ
戽斗尖梭,カマスジョー
刺梭魚,サシカマス
冰岩怪,クレベース
冰寶,カチコール
肋骨海龜,アバゴーラ
原蓋海龜,プロトーガ
蟾蜍王,ガマゲロゲ
藍蟾蜍,ガマガル
圓蝌蚪,オタマロ
冷水猿,ヒヤッキー
冷水猴,ヒヤップ
愛心魚,ラブカス
吼鯨王,ホエルオー
吼吼鯨,ホエルコ
蓮帽小童,ハスブレロ
蓮葉童子,ハスボー
火炎獅,カエンジシ
小獅獅,シシコ
燈火幽靈,ランプラー
燭光靈,ヒトモシ
爆香猿,バオッキー
爆香猴,バオップ
火焰雞,バシャーモ
力壯雞,ワカシャモ
火稚雞,アチャモ
鳳王,ホウオウ
啪咚猴,バチンキー
敲音猴,サルノリ
畢力吉翁,ビリジオン
花椰猿,ヤナッキー
花椰猴,ヤナップ
斗笠菇,キノガッサ
蘑蘑菇,キノココ
狡猾天狗,ダーテング
長鼻葉,コノハナ
橡實果,タネボー
毒粉蝶,ドクケイル
盾甲繭,マユルド
甲殼蛹,カラサリス
刺尾蟲,ケムッソ
早熟精華,そうじゅくエキス
超級噴火龍Y ex,メガリザードンYex
超級噴火龍Yex,メガリザードンYex
超級大鋼蛇 ex,メガハガネールex
超級大鋼蛇ex,メガハガネールex
超級長耳兔 ex,メガミミロップex
超級長耳兔ex,メガミミロップex
超級水箭龜 ex,メガカメックスex
超級水箭龜ex,メガカメックスex
超級妙蛙花 ex,メガフシギバナex
超級妙蛙花ex,メガフシギバナex
莎莉娜,セレナ
希特隆,シトロン
哲爾尼亞斯,ゼルネアス
人造細胞卵,ランクルス
希特隆的背包,シトロンのリュック
蓋諾賽克特,ゲノセクト
雙卵細胞球,ダブラン
單卵細胞球,ユニラン
鋼砲臂蝦,ブロスター
鐵臂槍蝦,ウデッポウ
勇士鱸魚,バスラオ